ID;ShortName
sign-01;Aigis-Sig
sign-02;BiT
sign-03;CEDRUS-C
sign-04;CEDRUS-alpha
sign-05;Chinith
sign-06;COMPASS-SIG
sign-07;CS
sign-08;DARTS
sign-09;DOVE
sign-10;Facto-DSA
sign-11;FlexTree
sign-12;Galas
sign-13;GreatWall
sign-14;Lynxer
sign-15;MORNING-ATLAS
sign-16;Octarine
sign-17;OPS
sign-18;Origami
sign-19;Phoenix
sign-20;Qing-Luan
sign-21;ReSolveD-alpha
sign-22;Rhyme
sign-23;Shuttle
sign-24;Sigurd
sign-25;SQIsign2D2
sign-26;SQIsign2D-push
sign-27;SQIsignTriangle
sign-28;SYDO
sign-29;Tins
sign-30;TRINE
sign-31;TSUOV
sign-32;UVW
sign-33;VDOO
sign-34;YuanYang-DSA
kem-01;Aigis-Enc
kem-02;Amoeba
kem-03;BAG-Loong
kem-04;BAG-Piglet
kem-05;BIKE-MLThre
kem-06;BRA
kem-07;BRQC
kem-08;BW-KEM
kem-09;CheetahKEM
kem-10;C-Multi-UR-AG
kem-11;COMPASS-KEM
kem-12;CTL
kem-13;DKEM
kem-14;DTRU
kem-15;FLIT
kem-16;HARE
kem-17;HEP-QC
kem-18;LoongKEM
kem-19;Lore
kem-20;MAMBA-Frost
kem-21;MAMBA-Viper
kem-22;Mithril
kem-23;Mito
kem-24;MORNING-Scabbard
kem-25;NEV
kem-26;NSS-HQC
kem-27;NTRE
kem-28;OAEP-NTRU
kem-29;Polar-KEM
kem-30;PolarLAC
kem-31;QIMEN-PIKE
kem-32;QCTM
kem-33;QUBE
kem-34;Rudraksh2
kem-35;Scloud
kem-36;TRIKE
kem-37;TriQ-KEM
kem-38;UVW
kem-39;Weaver
kem-40;YuanYang-KEM
kem-41;ZEN
kex-01;ADKEX
kex-02;AFS-KEX
kex-03;CreTAKE
kex-04;DKEX
kex-05;Loom
kex-06;MAMBA-NIKE
kex-07;NEV-AKE
kex-08;NIIKE
kex-09;TriQ-KEX
hash-01;AFS-TrEDM
hash-02;AXIS
hash-03;C-Hash
hash-04;CHAMP
hash-05;uHash
hash-06;Cuishen
hash-07;Dragon
hash-08;Duet
hash-09;Eijen
hash-10;FEILIAN
hash-11;Garnet
hash-12;Iphe
hash-13;JuziHash
hash-14;Laurus
hash-15;Litchi
hash-16;LLH
hash-17;MasterCube
hash-18;Megascon
hash-19;MoFang
hash-20;Mozi
hash-21;Neulaser
hash-22;Pavelor
hash-23;QILIN
hash-24;QuantaSylva
hash-25;TaiChi
hash-26;CHIME
hash-27;Vedak
hash-28;XRH-1
hash-29;XRH-2
hash-30;ZC-DM
hash-31;ZC-DMC
hash-32;ZC-EDMC
hash-33;Thunder
hash-34;WChain
hash-35;Wish
